烟台,宝马5系 2014款 525Li 豪华设计套装,2015年,6.0万公里,33.00万,54.20万,2018-10-10
宁波,宝马2系旅行车 2016款 218i 时尚型,2016年,2.8万公里,13.65万,25.50万,2018-10-10
成都,大众 途观 2015款 1.8TSI 自动两驱豪华型,2014年,5.7万公里,14.18万,28.20万,2018-10-10
成都,本田 雅阁 2014款 2.0L LX 舒适版,2014年,5.6万公里,12.43万,19.50万,2018-10-10
济宁,别克GL8 2014款 2.4L 经典版,2016年,8.2万公里,13.20万,22.70万,2018-10-10
上海,大众 帕萨特 2014款 2.0TSI DSG御尊导航版,2015年,5.2万公里,14.33万,28.00万,2018-10-10
成都,现代 途胜 2015款 1.6T 双离合两驱智能型,2016年,2.1万公里,12.50万,19.50万,2018-10-10
青岛,奥迪Q5 2013款 40 TFSI 技术型,2013年,4.2万公里,22.15万,46.40万,2018-10-10
合肥,雷诺 科雷嘉 2017款 2.0L 两驱豪华版,2017年,2.3万公里,12.36万,20.10万,2018-10-10
成都,Smart smart fortwo 2015款 1.0L 52千瓦硬顶激情版,2016年,1.7万公里,8.20万,13.80万,2018-10-10
东莞,日产NV200 2011款 1.6L 232座 尊雅型,2011年,10.3万公里,4.29万,11.50万,2018-10-10
沈阳,本田XR-V 2015款 1.8L EXi  CVT舒适版,2016年,2.8万公里,12.39万,16.30万,2018-10-10
重庆,福特 蒙迪欧 2013款 2.0L GTDi200时尚型,2013年,10.5万公里,10.61万,22.00万,2018-10-10
青岛,别克 君威 2012款 GS 2.0T 超级运动版,2012年,8.6万公里,10.18万,30.80万,2018-10-10
扬州,别克 君越 2013款 2.4L SIDI精英舒适型,2016年,3.5万公里,13.46万,27.80万,2018-10-10
廊坊,奥迪Q5 2015款 40 TFSI 舒适型,2015年,3.7万公里,26.70万,52.70万,2018-10-10
淄博,别克 君威 2014款 2.0L 精英时尚型,2014年,7.1万公里,9.65万,21.00万,2018-10-10
青岛,雪佛兰 迈锐宝 2014款 2.0L 自动豪华版,2015年,4.2万公里,9.42万,20.30万,2018-10-10
南京,宝沃汽车 宝沃BX7 2016款 28T 两驱豪华版 5座,2017年,2.3万公里,13.65万,21.90万,2018-10-10
宿迁,日产 天籁 2013款 2.0L XL舒适版,2013年,4.2万公里,11.52万,20.20万,2018-10-10
绵阳,川汽野马 野马T80 2017款 1.5T 手动炫酷版,2018年,200公里,7.30万,11.90万,2018-10-10
西安,雪铁龙C3-XR 2015款 1.6L 自动先锋型,2015年,2.1万公里,6.86万,13.90万,2018-10-10
成都,斯柯达 昊锐 2009款 1.8TSI 自动贵雅版,2010年,10.3万公里,6.27万,23.40万,2018-10-10
青岛,现代 索纳塔八 2014款 2.0L 自动豪华版,2016年,4.0万公里,10.17万,20.60万,2018-10-10
成都,福特 福克斯 2012款 三厢 1.6L 自动舒适型,2013年,8.9万公里,5.32万,14.20万,2018-10-10
郑州,福特 蒙迪欧 2013款 2.0L GTDi200时尚型,2016年,3.7万公里,13.35万,22.00万,2018-10-10
上海,大众 凌渡 2015款 280TSI DSG舒适版,2016年,3.6万公里,12.33万,20.00万,2018-10-10
襄阳,哈弗H6 2013款 升级版 1.5T 手动两驱精英型,2013年,2.6万公里,4.57万,12.60万,2018-10-10
洛阳,雪佛兰 科鲁兹 2013款 1.6L SE MT,2013年,5.0万公里,4.50万,13.00万,2018-10-10
绵阳,力帆 迈威 2016款 1.5L 手动精英型,2016年,1.5万公里,3.44万,6.50万,2018-10-10
保定,比亚迪 元 2016款 1.5L 手动尊贵型,2016年,1.5万公里,4.55万,7.60万,2018-10-10
贵阳,传祺GS5 2014款 2.0L 自动两驱超享版,2015年,5.9万公里,6.37万,14.80万,2018-10-10
济宁,哈弗H6 2013款 升级版 1.5T 手动两驱精英型,2013年,7.2万公里,4.60万,12.60万,2018-10-10
烟台,现代 名图 2014款 1.8L 自动尊贵型DLX,2014年,5.2万公里,8.75万,17.30万,2018-10-10
东莞,大众 捷达 2013款 1.4L 手动时尚型,2014年,8.5万公里,4.33万,9.00万,2018-10-10
深圳,福特 福克斯 2012款 三厢 1.6L 手动风尚型,2013年,7.7万公里,4.70万,14.40万,2018-10-10
济南,大众 朗逸 2013款 改款经典 1.6L 自动风尚版,2014年,1.5万公里,6.95万,13.60万,2018-10-10
鞍山,大众 桑塔纳 2013款 1.4L 手动风尚版,2014年,3.6万公里,4.14万,9.20万,2018-10-10
宿迁,大众 捷达 2013款 1.6L 手动舒适型,2013年,5.9万公里,4.40万,10.70万,2018-10-10
长春,别克 英朗 2013款 GT 1.8L 自动时尚版,2014年,4.3万公里,6.68万,17.90万,2018-10-10
长沙,福特 福睿斯 2015款 1.5L 自动时尚型,2015年,5.8万公里,6.51万,13.00万,2018-10-10
青岛,大众POLO 2013款 1.6L 自动舒适版,2012年,10.1万公里,4.75万,12.10万,2018-10-10
成都,丰田 花冠 2013款 1.6L 手动卓越版,2014年,4.1万公里,5.49万,10.90万,2018-10-10
德阳,MG6 2010款 掀背 1.8L 手动贺岁版,2011年,6.5万公里,3.31万,14.00万,2018-10-10
济宁,标致308 2014款 乐享版 经典 1.6L 手动优尚型,2017年,2.2万公里,5.61万,11.50万,2018-10-10
沈阳,大众 途安 2011款 1.4T 手动智尚版5座,2012年,5.0万公里,6.09万,16.30万,2018-10-10
佛山,丰田 RAV4 2009款 2.0L 自动经典版,2011年,6.5万公里,8.14万,21.70万,2018-10-10
石家庄,福特 福睿斯 2015款 1.5L 自动时尚型,2015年,4.7万公里,6.82万,13.00万,2018-10-10
合肥,别克 英朗 2010款 XT 1.6L 手动进取版,2010年,8.0万公里,3.60万,14.60万,2018-10-10
南通,哈弗H1 2016款 改款 蓝标 1.5L AMT豪华型,2016年,3.3万公里,4.84万,8.30万,2018-10-10
长春,日产 天籁 2013款 2.0L XE时尚版,2013年,8.7万公里,10.20万,19.30万,2018-10-10
中山,哈弗H2 2016款 红标 1.5T 自动两驱豪华型,2015年,4.7万公里,6.79万,13.30万,2018-10-10
青岛,福特 福克斯 2012款 两厢 1.6L 手动风尚型,2012年,10.2万公里,4.22万,14.40万,2018-10-10
苏州,别克 英朗 2012款 XT 1.6L 自动时尚版,2013年,1.8万公里,6.15万,16.30万,2018-10-10
郑州,别克 君越 2013款 2.4L SIDI豪华舒适型,2014年,4.2万公里,13.45万,29.90万,2018-10-10
绵阳,福特 翼虎 2013款 2.0L GTDi 四驱尊贵型,2014年,6.4万公里,13.49万,29.90万,2018-10-10
成都,哈弗H1 2015款 1.5L AMT都市型,2015年,2.5万公里,4.39万,8.00万,2018-10-10
常州,福特 福克斯 2015款 两厢 1.6L 手动舒适型,2015年,3.5万公里,5.77万,12.40万,2018-10-10
长沙,启辰R50 2015款 1.6L 自动时尚版,2016年,3.6万公里,4.41万,8.60万,2018-10-10
长沙,别克 英朗 2013款 GT 1.6L 自动时尚版,2014年,6.1万公里,6.15万,16.60万,2018-10-10
温州,比亚迪 宋 2017款 盖世升级版 1.5TI 手动豪雅型,2018年,1.6万公里,7.28万,11.20万,2018-10-10
杭州,起亚K2 2012款 两厢 1.6L AT Premium纪念版,2014年,4.2万公里,4.97万,10.80万,2018-10-10
沈阳,本田 杰德 2013款 1.8L CVT豪华版 5座,2014年,6.2万公里,10.10万,18.90万,2018-10-10
成都,标致3008 2013款 1.6THP 自动至尚版,2014年,4.0万公里,9.30万,23.30万,2018-10-10
扬州,大众POLO 2016款 1.4L 手动风尚型,2016年,3.6万公里,4.80万,8.20万,2018-10-10
青岛,大众POLO 2016款 1.4L 手动风尚型,2015年,2.5万公里,4.78万,8.20万,2018-10-10
合肥,别克 威朗 2015款 三厢 15S 自动进取型,2016年,0.5万公里,9.48万,15.90万,2018-10-10
合肥,起亚 智跑 2014款 2.0L 自动两驱版GLS,2013年,11.1万公里,8.03万,20.90万,2018-10-10
天津,现代ix35 2013款 2.0L 自动两驱智能型GLS 国IV,2014年,8.8万公里,8.73万,21.40万,2018-10-10
天津,雪佛兰 迈锐宝 2013款 1.6T 自动舒适版,2013年,5.1万公里,8.35万,19.70万,2018-10-10
成都,长安 逸动 2012款 1.6L 手动豪华型 国IV,2013年,7.6万公里,3.50万,8.70万,2018-10-10
吉林,福特 蒙迪欧-致胜 2011款 2.0L GTDi200豪华型,2013年,8.0万公里,7.79万,23.60万,2018-10-10
成都,雪佛兰 迈锐宝 2012款 1.6T 自动豪华版,2012年,8.0万公里,7.05万,22.80万,2018-10-10
深圳,福特 翼虎 2013款 1.6L GTDi 两驱风尚型,2013年,6.0万公里,10.06万,23.60万,2018-10-10
合肥,斯柯达 明锐 2010款 1.6L 自动逸俊版,2010年,9.8万公里,4.47万,16.20万,2018-10-10
长春,福特 翼搏 2013款 1.5L 自动尊贵型,2014年,3.5万公里,6.45万,13.90万,2018-10-10
厦门,斯柯达 昕锐 2016款 1.6L 自动创行版,2017年,0.1万公里,7.61万,11.50万,2018-10-10
金华,比亚迪S6 2012款 2.0L 手动尊贵型,2011年,3.5万公里,3.01万,11.70万,2018-10-10
苏州,别克 君威 2014款 1.6T 时尚技术型,2014年,3.7万公里,10.00万,21.70万,2018-10-10
惠州,哈弗H2 2016款 红标 1.5T 手动两驱豪华型,2015年,4.7万公里,5.60万,11.90万,2018-10-10
苏州,大众 速腾 2015款 230TSI 自动舒适型,2016年,3.0万公里,11.02万,17.50万,2018-10-10
成都,江淮 瑞风S3 2016款 1.5L 手动豪华型,2016年,4.8万公里,3.93万,7.60万,2018-10-10
武汉,标致2008 2014款 1.6L 自动领航版,2014年,3.1万公里,6.39万,14.80万,2018-10-10
金华,雪佛兰 迈锐宝 2013款 2.0L 自动舒适版,2013年,8.0万公里,7.24万,18.40万,2018-10-10
宿迁,荣威550 2012款 550 1.8L 自动超值版,2012年,13.3万公里,3.60万,15.20万,2018-10-10
合肥,福特 翼虎 2013款 1.6L GTDi 四驱精英型,2013年,6.7万公里,10.42万,26.00万,2018-10-10
青岛,起亚 狮跑 2012款 2.0L 自动两驱版GL,2012年,2.2万公里,6.17万,18.40万,2018-10-10
宿迁,福特 福克斯 2012款 两厢 1.6L 自动风尚型,2013年,4.5万公里,6.41万,15.60万,2018-10-10
重庆,菲亚特 菲翔 2012款 1.4T 手动悦享版,2014年,4.4万公里,4.39万,11.80万,2018-10-10
郑州,雪佛兰 科鲁兹 2013款 1.8L SE AT,2013年,3.8万公里,5.72万,14.90万,2018-10-10
无锡,大众 途观 2012款 2.0TSI 自动四驱旗舰版,2012年,10.6万公里,11.52万,33.60万,2018-10-10
成都,现代ix35 2013款 2.0L 自动两驱智能型GLS 国IV,2015年,6.9万公里,9.20万,21.40万,2018-10-10
盐城,福特 福睿斯 2015款 1.5L 自动舒适型,2016年,1.3万公里,6.23万,11.70万,2018-10-10
成都,长安 逸动 2015款 1.6L 手动豪华型 国IV,2015年,6.1万公里,4.20万,8.70万,2018-10-10
苏州,大众 朗逸 2011款 1.6L 手动品悠版,2010年,12.8万公里,3.24万,12.20万,2018-10-10
烟台,传祺GS5 2013款 1.8T 自动两驱精英版,2013年,8.3万公里,5.94万,17.80万,2018-10-10
上海,别克 昂科拉 2015款 1.4T 自动两驱都市领先型,2014年,4.3万公里,7.20万,18.30万,2018-10-10
长沙,荣威350 2014款 1.5L 自动迅达版,2014年,4.8万公里,4.28万,9.20万,2018-10-10
成都,福特 福克斯 2015款 两厢 1.6L 自动风尚型,2015年,4.0万公里,7.42万,14.80万,2018-10-10
绵阳,大众 朗逸 2011款 1.4TSI DSG品雅版,2010年,9.7万公里,4.83万,15.90万,2018-10-10
青岛,奔腾B50 2013款 1.6L 手动舒适型,2014年,5.3万公里,3.36万,10.10万,2018-10-10
武汉,别克 君越 2012款 2.4L SIDI雅致版,2014年,5.0万公里,10.21万,25.60万,2018-10-10
郑州,大众POLO 2014款 1.6L 手动舒适版,2015年,3.1万公里,5.15万,10.00万,2018-10-10
西安,福特 嘉年华 2011款 两厢 1.5L 自动运动型,2012年,5.2万公里,4.06万,11.90万,2018-10-10
成都,荣威360 2015款 1.5L 手动豪华版,2015年,5.1万公里,4.38万,9.00万,2018-10-10
金华,别克 昂科拉 2015款 1.4T 自动两驱都市精英型,2015年,3.9万公里,7.35万,16.30万,2018-10-10
新乡,起亚K3 2013款 1.6L 手动GLS,2013年,4.9万公里,5.07万,12.50万,2018-10-10
天津,大众 宝来 2013款 1.6L 手动舒适型,2013年,5.3万公里,5.81万,12.60万,2018-10-10
深圳,福特 蒙迪欧 2013款 1.5L GTDi180时尚型,2014年,5.1万公里,11.99万,20.60万,2018-10-10
东莞,大众 宝来 2011款 1.6L 自动舒适型,2011年,7.1万公里,4.76万,14.20万,2018-10-10
石家庄,哈弗H6 2013款 升级版 1.5T 手动两驱精英型,2014年,7.4万公里,5.10万,12.60万,2018-10-10
青岛,福特 蒙迪欧-致胜 2011款 2.0L GTDi200豪华型,2011年,6.1万公里,7.18万,23.60万,2018-10-10
东莞,福特 福克斯 2013款 两厢经典 1.8L 手动基本型,2014年,5.3万公里,4.59万,10.80万,2018-10-10
潍坊,长城C50 2012款 1.5T 手动时尚型,2012年,3.2万公里,3.17万,8.60万,2018-10-10
南昌,长城M4 2014款 1.5L 手动豪华型,2014年,2.8万公里,3.25万,7.50万,2018-10-10
成都,江淮 瑞风S2 2015款 1.5L CVT豪华智能型,2015年,3.7万公里,4.20万,8.20万,2018-10-10
杭州,福特 福克斯 2012款 三厢经典 1.8L 自动基本型,2012年,3.6万公里,4.05万,11.90万,2018-10-10
襄阳,福特 福克斯 2012款 三厢 1.6L 手动风尚型,2014年,6.6万公里,5.45万,14.40万,2018-10-10
杭州,福特 蒙迪欧-致胜 2010款 2.3L 时尚型,2011年,8.1万公里,5.04万,19.50万,2018-10-10
呼和浩特,北汽绅宝 绅宝D50 2014款 1.5L 手动标准版,2015年,5.5万公里,3.18万,8.10万,2018-10-10
厦门,大众 宝来 2013款 1.6L 自动舒适型,2013年,11.3万公里,6.31万,13.90万,2018-10-10
淄博,凯迪拉克ATS-L 2016款 28T 时尚型,2016年,4.5万公里,19.25万,34.60万,2018-10-10
重庆,长安 逸动 2014款 1.6L 手动豪华型,2014年,6.8万公里,3.70万,8.70万,2018-10-10
苏州,标致301 2014款 1.6L 自动舒适版,2015年,1.4万公里,5.37万,10.30万,2018-10-10
苏州,别克 英朗 2014款 XT 1.6L 自动时尚版,2015年,1.4万公里,7.05万,16.30万,2018-10-10
贵阳,凯迪拉克ATS 2014款 28T 精英型(进口),2014年,8.6万公里,14.96万,35.60万,2018-10-10
金华,吉利 帝豪 2017款 三厢百万款 1.5L 手动向上版,2016年,1.7万公里,5.00万,8.70万,2018-10-10
合肥,现代 悦动 2010款 1.6L AT GLS,2010年,3.0万公里,3.30万,13.00万,2018-10-10
青岛,MG3 2011款 1.5L AMT精英版,2012年,4.6万公里,2.86万,9.70万,2018-10-10
盐城,福特 福睿斯 2015款 1.5L 自动时尚型,2015年,2.3万公里,6.38万,13.00万,2018-10-10
西安,现代 朗动 2012款 1.6L 自动时尚型,2013年,7.0万公里,5.39万,12.60万,2018-10-10
武汉,奔驰GLA级 2016款 GLA 200 动感型,2016年,1.3万公里,20.19万,29.30万,2018-10-10
潍坊,大众 速腾 2015款 1.6L 自动舒适型,2015年,3.9万公里,9.58万,16.40万,2018-10-10
惠州,宝骏560 2016款 1.8L 手动超值型,2017年,2.8万公里,5.03万,7.60万,2018-10-10
杭州,哈弗H5 2015款 2.0T 手动两驱精英型,2016年,6.1万公里,5.63万,11.70万,2018-10-10
无锡,大众 朗行 2013款 1.6L 自动风尚型,2013年,8.4万公里,6.00万,13.90万,2018-10-10
大连,起亚K4 2014款 2.0L 自动PRM,2014年,2.2万公里,9.66万,20.50万,2018-10-10
中山,现代 朗动 2015款 1.6L 自动尊贵型,2015年,5.1万公里,7.55万,14.60万,2018-10-10
合肥,MINI 2014款 1.5T COOPER Excitement,2016年,5.2万公里,15.43万,30.90万,2018-10-10
淮安,长安 悦翔V7 2016款 1.6L 自动乐享型 国V,2017年,1.3万公里,5.04万,7.90万,2018-10-10
东莞,比亚迪S7 2015款 2.0T 自动旗舰型,2015年,3.9万公里,6.89万,15.20万,2018-10-10
无锡,长安CS75 2016款 2.0L 手动豪华型 国V,2016年,1.5万公里,6.45万,10.70万,2018-10-10
成都,福特 锐界 2012款 2.0T 精锐天窗版(进口),2014年,6.8万公里,15.47万,34.40万,2018-10-10
厦门,本田XR-V 2015款 1.8L VTi CVT豪华版,2015年,3.0万公里,11.49万,17.70万,2018-10-10
威海,猎豹CS10 2017款 2.0T 自动都市型,2017年,1.1万公里,7.86万,13.00万,2018-10-10
中山,奥迪Q5 2016款 40 TFSI 舒适型,2016年,1.9万公里,29.00万,52.00万,2018-10-10
惠州,海马M3 2016款 1.5L CVT智能舒适型,2016年,1.1万公里,4.29万,8.10万,2018-10-10
武汉,福特 嘉年华 2013款 两厢 1.5L 自动时尚型,2013年,3.3万公里,4.27万,10.70万,2018-10-10
盐城,别克 英朗 2013款 GT 1.6L 手动进取版,2012年,6.6万公里,4.46万,14.90万,2018-10-10
成都,大众 速腾 2015款 230TSI 自动舒适型,2015年,8.0万公里,9.90万,17.50万,2018-10-10
成都,奇瑞 瑞虎5 2014款 2.0L 手动家悦版,2015年,5.1万公里,4.66万,10.80万,2018-10-10
上海,雪佛兰 科鲁兹 2011款 1.8L SE AT,2011年,8.5万公里,4.11万,14.90万,2018-10-10
福州,福特 福克斯 2015款 三厢 1.6L 自动风尚型,2015年,6.9万公里,7.16万,14.80万,2018-10-10
南通,北汽绅宝 绅宝X65 2015款 2.0T 自动舒适型,2018年,0.7万公里,6.15万,13.00万,2018-10-10
嘉兴,斯柯达 明锐 2009款 2.0L 自动逸仕版,2009年,6.8万公里,3.08万,16.30万,2018-10-10
南宁,日产 阳光 2011款 1.5XE CVT舒适版,2013年,6.8万公里,4.27万,10.10万,2018-10-10
深圳,雪佛兰 科鲁兹 2011款 1.6L SL MT,2011年,9.1万公里,3.15万,11.80万,2018-10-10
临沂,大众 途观 2010款 2.0TSI 自动四驱旗舰导航版,2011年,11.8万公里,11.07万,33.60万,2018-10-10
潍坊,哈弗H1 2016款 蓝标 1.5L AMT都市型,2016年,1.5万公里,4.48万,8.00万,2018-10-10
佛山,雪佛兰 赛欧 2013款 三厢 1.2L 手动理想版,2015年,5.0万公里,2.81万,6.70万,2018-10-10
